{
  "version": "0.0.6",
  "appTitle": "Gift Card Widget Sample",
  "logo": "",
  "dragDropEnabled": true,
  "notificationTimer": 8,
  "maximumNotificationCount": 3,
  "browserNotificationTimer": 8,
  "wxmConfigured": true,
  "desktopChatApp": {
    "webexConfigured": false
  },
  "area": {
    "headless": {
      "id": "dw-headless",
      "widgets": { "comp1": { "comp": "div" } },
      "layout": { "areas": [["comp1"]], "size": { "cols": [1], "rows": [1] } }
    },
    "panel": {
      "comp": "md-tabs",
      "attributes": { "class": "widget-tabs" },
      "children": [
        {
          "comp": "md-tab",
          "attributes": { "slot": "tab", "class": "widget-pane-tab" },
          "children": [{ "comp": "slot", "attributes": { "name": "IVR_TRANSCRIPT_TAB" } }],
          "visibility": "IVR_TRANSCRIPT"
        },
        {
          "comp": "md-tab-panel",
          "attributes": { "slot": "panel", "class": "widget-pane" },
          "children": [{ "comp": "slot", "attributes": { "name": "IVR_TRANSCRIPT" } }],
          "visibility": "IVR_TRANSCRIPT"
        },
        {
          "comp": "md-tab",
          "attributes": { "slot": "tab" },
          "children": [{ "comp": "slot", "attributes": { "name": "WXM_JOURNEY_TAB" } }],
          "visibility": "WXM_JOURNEY"
        },
        {
          "comp": "md-tab-panel",
          "attributes": { "slot": "panel", "class": "widget-pane" },
          "children": [
            {
              "comp": "agentx-wc-cloudcherry-widget",
              "properties": {
                "userModel": "$STORE.app.userModel",
                "spaceId": "",
                "metricsId": "",
                "teamId": "$STORE.agent.teamName",
                "ani": "$STORE.agentContact.taskSelected.ani",
                "isDarkMode": "$STORE.app.darkMode"
              },
              "wrapper": {
                "title": "Customer Experience Journey",
                "maximizeAreaName": "app-maximize-area"
              }
            }
          ],
          "visibility": "WXM_JOURNEY"
        },
        {
          "comp": "md-tab",
          "attributes": { "slot": "tab", "class": "widget-pane-tab" },
          "children": [{ "comp": "slot", "attributes": { "name": "CONTACT_HISTORY_TAB" } }]
        },
        {
          "comp": "md-tab-panel",
          "attributes": { "slot": "panel", "class": "widget-pane" },
          "children": [{ "comp": "slot", "attributes": { "name": "CONTACT_HISTORY" } }]
        },
        {
          "comp": "md-tab",
          "attributes": { "slot": "tab", "class": "widget-pane-tab" },
          "children": [{ "comp": "slot", "attributes": { "name": "SCREEN_POP_TAB" } }],
          "visibility": "SCREEN_POP"
        },
        {
          "comp": "md-tab-panel",
          "attributes": { "slot": "panel", "class": "widget-pane" },
          "children": [{ "comp": "slot", "attributes": { "name": "SCREEN_POP" } }],
          "visibility": "SCREEN_POP"
        }
      ]
    },
    "navigation": [
      {
        "nav": {
          "label": "Sample Gift Card",
          "icon": "favorite",
          "iconType": "momentum",
          "navigateTo": "giftCardDev",
          "align": "top"
        },
        "page": {
          "id": "sample-gift-card",
          "widgets": {
            "main": {
              "comp": "div",
              "style": {
                "height": "100%",
                "overflow": "scroll"
              },
              "children": [
                {
                  "comp": "sa-gift-card",
                  "script": "http://localhost:3000/build/bundle.js",
                  "attributes": {
                    "darkmode": "$STORE.app.darkMode"
                  },
                  "properties": {
                    "token": "$STORE.auth.accessToken",
                    "giftCardLogo1": "https://wxccdemo.s3.us-west-1.amazonaws.com/widgets/giftcard/2/starcoffee.png",
                    "giftCardLogo2": "host_your_own_images/logo_the_above_hosted_image_cannot_be_guaranteed",
                    "giftCardLogo3": "host_your_own_images/logo_the_above_hosted_image_cannot_be_guaranteed",
                    "giftCardLogo4": "host_your_own_images/logo_the_above_hosted_image_cannot_be_guaranteed",
                    "smsWebHook": "use_your_own_webex_connect_sms_webhook",
                    "emailWebHook": "use_your_own_webex_connect_email_webhook"
                  }
                }
              ]
            }
          },
          "layout": {
            "areas": [["main"]],
            "size": {
              "cols": [1],
              "rows": [1]
            }
          }
        }
      }
    ]
  }
}
